Titles, Href
Xiaomi Redmi Note 9S 128GB 6GB Ram 6.67 inç 48MP Akıllı Cep Telefonu Gri, https://www.cimri.com/cep-telefonlari/en-ucuz-xiaomi-redmi-note-9s-128gb-6gb-ram-6-67-inc-48mp-akilli-cep-telefonu-gri-fiyatlari,505638931
Apple iPhone 11 64GB 4GB Ram 6.1 inç 12MP Akıllı Cep Telefonu Siyah, https://www.cimri.com/cep-telefonlari/en-ucuz-apple-iphone-11-64gb-4gb-ram-6-1-inc-12mp-akilli-cep-telefonu-siyah-fiyatlari,337340793
Apple iPhone SE 2020 64GB 4.7 inç 12MP Akıllı Cep Telefonu Siyah, https://www.cimri.com/cep-telefonlari/en-ucuz-apple-iphone-se-2020-64gb-4-7-inc-12mp-akilli-cep-telefonu-siyah-fiyatlari,375324813
Xiaomi Mi Box S 4K Android TV Box Media Player, https://www.cimri.com/medya-oynatici-player/en-ucuz-xiaomi-mi-box-s-4k-android-tv-box-media-player-fiyatlari,304102466
Xiaomi Redmi Note 9 128GB 4GB Ram 6.53 inç 48MP Akıllı Cep Telefonu Gri, https://www.cimri.com/cep-telefonlari/en-ucuz-xiaomi-redmi-note-9-128gb-4gb-ram-6-53-inc-48mp-akilli-cep-telefonu-gri-fiyatlari,521829326
Xiaomi Redmi Note 8 64GB 4GB Ram 6.3 inç 48MP Akıllı Cep Telefonu Mavi, https://www.cimri.com/cep-telefonlari/en-ucuz-xiaomi-redmi-note-8-64gb-4gb-ram-6-3-inc-48mp-akilli-cep-telefonu-mavi-fiyatlari,330907466
Reeder P13 Blue 16GB 6.09 inç 8MP Akıllı Cep Telefonu Mavi, https://www.cimri.com/cep-telefonlari/en-ucuz-reeder-p13-blue-16gb-6-09-inc-8mp-akilli-cep-telefonu-mavi-fiyatlari,284931938
Xiaomi Mi Band 5 Akıllı Bileklik, https://www.cimri.com/akilli-bileklik/en-ucuz-xiaomi-mi-band-5-akilli-bileklik-fiyatlari,600621823
JBL Tune 220 TWS Siyah Bluetooth Kulaklık, https://www.cimri.com/bluetooth-kulaklik/en-ucuz-jbl-tune-220-tws-siyah-bluetooth-kulaklik-fiyatlari,445721113
Apple iPhone 11 128GB 4GB Ram 6.1 inç 12MP Akıllı Cep Telefonu Beyaz, https://www.cimri.com/cep-telefonlari/en-ucuz-apple-iphone-11-128gb-4gb-ram-6-1-inc-12mp-akilli-cep-telefonu-beyaz-fiyatlari,331829886
Apple iPhone 7 32 GB 4.7 İnç 12 MP Akıllı Cep Telefonu Altın, https://www.cimri.com/cep-telefonlari/en-ucuz-apple-iphone-7-32gb-altin-fiyatlari,29358020
Apple AirPods 2. Nesil MV7N2TU-A Bluetooth Kulaklık, https://www.cimri.com/bluetooth-kulaklik/en-ucuz-apple-airpods-2-nesil-mv7n2tu-a-bluetooth-kulaklik-fiyatlari,253847076
Xiaomi Mi Wifi Pro Sinyal Güçlendirici, https://www.cimri.com/router/en-ucuz-xiaomi-mi-wifi-pro-sinyal-guclendirici-fiyatlari,86425088
Xiaomi Redmi Note 9 Pro 128GB 6GB Ram 6.67 inç 64MP Akıllı Cep Telefonu Yeşil, https://www.cimri.com/cep-telefonlari/en-ucuz-xiaomi-redmi-note-9-pro-128gb-6gb-ram-6-67-inc-64mp-akilli-cep-telefonu-yesil-fiyatlari,499764056
Xiaomi Redmi AirDots Bluetooth Kulaklık, https://www.cimri.com/bluetooth-kulaklik/en-ucuz-xiaomi-redmi-airdots-bluetooth-kulaklik-fiyatlari,309512713
Huawei Y6 2019 32GB 6.09 inç 13MP Akıllı Cep Telefonu Mavi, https://www.cimri.com/cep-telefonlari/en-ucuz-huawei-y6-2019-32gb-6-09-inc-13mp-akilli-cep-telefonu-mavi-fiyatlari,229045672
Huawei Watch GT2 Pro 46 mm Akıllı Saat Kahverengi, https://www.cimri.com/akilli-saat/en-ucuz-huawei-watch-gt2-pro-46-mm-akilli-saat-kahverengi-fiyatlari,646088650
Xiaomi Redmi Note 8 64GB 4GB Ram 6.3 inç 48MP Akıllı Cep Telefonu Siyah, https://www.cimri.com/cep-telefonlari/en-ucuz-xiaomi-redmi-note-8-64gb-4gb-ram-6-3-inc-48mp-akilli-cep-telefonu-siyah-fiyatlari,361788461
Canon Pixma E414 Renkli Baskı 60 Sayfa Girişli Çok Fonksiyonlu Yazıcı, https://www.cimri.com/yazicilar/en-ucuz-canon-pixma-e414-yazici-fiyatlari,32133539
JBL T500BT Siyah Mikrofonlu Kulaküstü Kablosuz Kulaklık, https://www.cimri.com/kulaklik/en-ucuz-jbl-t500bt-siyah-mikrofonlu-kulakustu-kablosuz-kulaklik-fiyatlari,114528832
Samsung Galaxy Tab A T290 32GB 8 inç Wi-Fi Tablet Pc Siyah, https://www.cimri.com/tablet-pc/en-ucuz-samsung-galaxy-tab-a-t290-32gb-8-inc-wi-fi-tablet-pc-siyah-fiyatlari,308110272
Xiaomi Redmi Note 9S 128GB 6GB Ram 6.67 inç 48MP Akıllı Cep Telefonu Beyaz, https://www.cimri.com/cep-telefonlari/en-ucuz-xiaomi-redmi-note-9s-128gb-6gb-ram-6-67-inc-48mp-akilli-cep-telefonu-beyaz-fiyatlari,505638932
HP 650 CZ101AE Kartuş, https://www.cimri.com/kartuslar/en-ucuz-hp-650-cz101ae-kartus-fiyatlari,645304
Samsung Galaxy M31 128GB 6GB Ram 6.4 inç 64MP Akıllı Cep Telefonu Siyah, https://www.cimri.com/cep-telefonlari/en-ucuz-samsung-galaxy-m31-128gb-6gb-ram-6-4-inc-64mp-akilli-cep-telefonu-siyah-fiyatlari,477288466
Xiaomi Mijia 1C Vacuum Mop Robot Süpürge, https://www.cimri.com/robot-supurgeler/en-ucuz-xiaomi-mijia-1c-vacuum-mop-robot-supurge-fiyatlari,434828784
Xiaomi Redmi Note 9 Pro 128GB 6GB Ram 6.67 inç 64MP Akıllı Cep Telefonu Beyaz, https://www.cimri.com/cep-telefonlari/en-ucuz-xiaomi-redmi-note-9-pro-128gb-6gb-ram-6-67-inc-64mp-akilli-cep-telefonu-beyaz-fiyatlari,499766155
Samsung Galaxy Tab S6 Lite Wi-Fi SM-P610 64GB 10.4 inç Tablet Dağ Grisi, https://www.cimri.com/tablet-pc/en-ucuz-samsung-galaxy-tab-s6-lite-wi-fi-sm-p610-64gb-10-4-inc-tablet-dag-grisi-fiyatlari,527818581
Philips XB9125/07 Marathon Ultimate 650 W H13 Alergy Filtreli Toz Torbasız Elektrikli Süpürge Siyah, https://www.cimri.com/elektrikli-supurgeler/en-ucuz-philips-xb912507-marathon-ultimate-650-w-h13-alergy-filtreli-toz-torbasiz-elektrikli-supurge-siyah-fiyatlari,376670910
Xiaomi Mi Stick Android TV Medya Oynatıcı, https://www.cimri.com/medya-oynatici-player/en-ucuz-xiaomi-mi-stick-android-tv-medya-oynatici-fiyatlari,605933248
Samsung Galaxy A51 128GB 6GB Ram 6.5 inç 48MP Akıllı Cep Telefonu Siyah, https://www.cimri.com/cep-telefonlari/en-ucuz-samsung-galaxy-a51-128gb-6gb-ram-6-5-inc-48mp-akilli-cep-telefonu-siyah-fiyatlari,473603052
Sony PlayStation 4 Pro 1 TB Oyun Konsolu Siyah, https://www.cimri.com/oyun-konsollari/en-ucuz-sony-playstation-4-pro-1-tb-fiyatlari,33320560
Apple iPhone SE 2020 64GB 4.7 inç 12MP Akıllı Cep Telefonu, https://www.cimri.com/cep-telefonlari/en-ucuz-apple-iphone-se-2020-64gb-4-7-inc-12mp-akilli-cep-telefonu-fiyatlari,a375325829
Apple Watch Series 4 40 mm, https://www.cimri.com/akilli-saat/en-ucuz-apple-watch-series-4-40-mm-fiyatlari,a103873272
Xiaomi Redmi Note 8 Pro 64GB 6GB Ram 6.53 inç 64MP Akıllı Cep Telefonu Siyah, https://www.cimri.com/cep-telefonlari/en-ucuz-xiaomi-redmi-note-8-pro-64gb-6gb-ram-6-53-inc-64mp-akilli-cep-telefonu-siyah-fiyatlari,330910351
Samsung Galaxy M31 128GB 6GB Ram 6.4 inç 64MP Akıllı Cep Telefonu, https://www.cimri.com/cep-telefonlari/en-ucuz-samsung-galaxy-m31-128gb-6gb-ram-6-4-inc-64mp-akilli-cep-telefonu-fiyatlari,a477288479
Apple iPhone 11 64GB 4GB Ram 6.1 inç 12MP Akıllı Cep Telefonu Siyah, https://www.cimri.com/cep-telefonlari/en-ucuz-apple-iphone-11-64gb-4gb-ram-6-1-inc-12mp-akilli-cep-telefonu-siyah-fiyatlari,337340793
Apple Watch Series 4 44 mm Nabız Ölçer GPS Bluetooth 5.0 Akıllı Saat Beyaz, https://www.cimri.com/akilli-saat/en-ucuz-apple-watch-series-4-44-mm-fiyatlari,a103873278
Xiaomi 20000 mAh 2.1A - 3A Çift Çıkışlı Taşınabilir Hızlı Şarj Cihazı Beyaz, https://www.cimri.com/tasinabilir-sarj-cihazi-powerbank/en-ucuz-xiaomi-20000-mah-powerbank-fiyatlari,42015908
Huawei Y6 2019 32GB 6.09 inç 13MP Akıllı Cep Telefonu Siyah, https://www.cimri.com/cep-telefonlari/en-ucuz-huawei-y6-2019-32gb-6-09-inc-13mp-akilli-cep-telefonu-siyah-fiyatlari,229045670
Huawei Y6 2019 32GB 6.09 inç 13MP Akıllı Cep Telefonu Altın, https://www.cimri.com/cep-telefonlari/en-ucuz-huawei-y6-2019-32gb-6-09-inc-13mp-akilli-cep-telefonu-altin-fiyatlari,229045683
Apple iPhone 11 64GB 4GB Ram 6.1 inç 12MP Akıllı Cep Telefonu Beyaz, https://www.cimri.com/cep-telefonlari/en-ucuz-apple-iphone-11-64gb-4gb-ram-6-1-inc-12mp-akilli-cep-telefonu-beyaz-fiyatlari,337337465
Samsung Galaxy Note10+ Plus 256GB 12GB Ram 6.8 inç 12MP Akıllı Cep Telefonu Beyaz, https://www.cimri.com/cep-telefonlari/en-ucuz-samsung-galaxy-note10-plus-256gb-12gb-ram-6-8-inc-12mp-akilli-cep-telefonu-beyaz-fiyatlari,310964811
Xiaomi Mi Robot Vacuum Cleaner Yüksek Emişli Akıllı Robot Süpürge, https://www.cimri.com/robot-supurgeler/en-ucuz-xiaomi-mi-robot-vacuum-cleaner-yuksek-emisli-akilli-robot-supurge-fiyatlari,511382944
Apple iPhone XR 64GB 6.1 inç 12MP Akıllı Cep Telefonu Product Red, https://www.cimri.com/cep-telefonlari/en-ucuz-apple-iphone-xr-64gb-6-1-inc-12mp-akilli-cep-telefonu-product-red-fiyatlari,103846877
Samsung Galaxy A21s 64GB 4GB Ram 6.5 inç 48MP Akıllı Cep Telefonu Siyah, https://www.cimri.com/cep-telefonlari/en-ucuz-samsung-galaxy-a21s-64gb-4gb-ram-6-5-inc-48mp-akilli-cep-telefonu-siyah-fiyatlari,541654345
Xiaomi Mi Note 10 Lite 128GB 6GB Ram 6.47 inç 64MP Akıllı Cep Telefonu Mor, https://www.cimri.com/cep-telefonlari/en-ucuz-xiaomi-mi-note-10-lite-128gb-6gb-ram-6-47-inc-64mp-akilli-cep-telefonu-mor-fiyatlari,531650015
Realme 5i 64GB 4GB Ram 6.52 inç 12MP Akıllı Cep Telefonu Yeşil, https://www.cimri.com/cep-telefonlari/en-ucuz-realme-5i-64gb-4gb-ram-6-52-inc-12mp-akilli-cep-telefonu-yesil-fiyatlari,453229099
Apple iPhone 12 5G 64GB 4GB Ram 6.1 inç 12MP Akıllı Cep Telefonu Beyaz, https://www.cimri.com/cep-telefonlari/en-ucuz-apple-iphone-12-5g-64gb-4gb-ram-6-1-inc-12mp-akilli-cep-telefonu-beyaz-fiyatlari,652976103
Apple iPhone 11 128GB Akıllı Cep Telefonu, https://www.cimri.com/cep-telefonlari/en-ucuz-apple-iphone-11-128gb-akilli-cep-telefonu-fiyatlari,a331840845
Philips FC9751/07 Siyah Elektrikli Süpürge, https://www.cimri.com/elektrikli-supurgeler/en-ucuz-philips-fc975107-siyah-elektrikli-supurge-fiyatlari,204674486
Huawei P Smart 2021 128GB 4GB Ram 6.67 inç 48MP Akıllı Cep Telefonu Siyah, https://www.cimri.com/cep-telefonlari/en-ucuz-huawei-p-smart-2021-128gb-4gb-ram-6-67-inc-48mp-akilli-cep-telefonu-siyah-fiyatlari,647211920
Xiaomi Redmi Note 9S 128GB 6GB Ram 6.67 inç 48MP Akıllı Cep Telefonu, https://www.cimri.com/cep-telefonlari/en-ucuz-xiaomi-redmi-note-9s-128gb-6gb-ram-6-67-inc-48mp-akilli-cep-telefonu-fiyatlari,a505645263
Apple Airpods Pro MWP22TU/A Bluetooth Kulaklık, https://www.cimri.com/bluetooth-kulaklik/en-ucuz-apple-airpods-pro-mwp22tua-bluetooth-kulaklik-fiyatlari,411436193
Apple iPhone 8 Plus 128GB Uzay Grisi, https://www.cimri.com/cep-telefonlari/en-ucuz-apple-iphone-8-plus-128gb-uzay-grisi-fiyatlari,355011938
Samsung Galaxy Tab A SM-T510 2019 32GB 10.1 inç Wi-Fi Tablet PC Siyah, https://www.cimri.com/tablet-pc/en-ucuz-samsung-galaxy-tab-a-sm-t510-2019-32gb-10-1-inc-wi-fi-tablet-pc-siyah-fiyatlari,239936988
Roborock S5 Max Vacuum Cleaner Beyaz Robot Süpürge ve Islak Paspas, https://www.cimri.com/robot-supurgeler/en-ucuz-roborock-s5-max-vacuum-cleaner-beyaz-robot-supurge-ve-islak-paspas-fiyatlari,496029956
Xiaomi Poco X3 NFC 128GB 6GB Ram 6.67 inç 64MP Akıllı Cep Telefonu Mavi, https://www.cimri.com/cep-telefonlari/en-ucuz-xiaomi-poco-x3-nfc-128gb-6gb-ram-6-67-inc-64mp-akilli-cep-telefonu-mavi-fiyatlari,627571158
Philips BRI921-00 Lumea Advanced Ipl Tüy Alma Cihazı, https://www.cimri.com/epilasyon-aletleri/en-ucuz-philips-bri921-00-lumea-advanced-ipl-tuy-alma-cihazi-fiyatlari,105985733
Xiaomi Redmi Note 9 128GB 4GB Ram 6.53 inç 48MP Akıllı Cep Telefonu Beyaz, https://www.cimri.com/cep-telefonlari/en-ucuz-xiaomi-redmi-note-9-128gb-4gb-ram-6-53-inc-48mp-akilli-cep-telefonu-beyaz-fiyatlari,521829325
Xiaomi Mi Band 4 0.95 inç Ekran Adımsayar Nabız Ölçer Su Geçirmez 50 mt Akıllı Bileklik Siyah, https://www.cimri.com/akilli-bileklik/en-ucuz-xiaomi-mi-band-4-akilli-bileklik-fiyatlari,277201411
Xiaomi Poco X3 NFC 128GB 6GB Ram 6.67 inç 64MP Akıllı Cep Telefonu, https://www.cimri.com/cep-telefonlari/en-ucuz-xiaomi-poco-x3-nfc-128gb-6gb-ram-6-67-inc-64mp-akilli-cep-telefonu-fiyatlari,a627571160
Apple MacBook Air MQD32TU/A Intel Core i5 8 GB Ram 128 SSD 13.3 İnç Laptop - Notebook, https://www.cimri.com/dizustu-bilgisayar/en-ucuz-apple-macbook-air-mqd32tua-laptop-notebook-fiyatlari,46783606
Xiaomi Poco X3 NFC 128GB 6GB Ram 6.67 inç 64MP Akıllı Cep Telefonu Gri, https://www.cimri.com/cep-telefonlari/en-ucuz-xiaomi-poco-x3-nfc-128gb-6gb-ram-6-67-inc-64mp-akilli-cep-telefonu-gri-fiyatlari,627571159
LG K9 16 GB 5.0 İnç 8 MP Akıllı Cep Telefonu Siyah, https://www.cimri.com/cep-telefonlari/en-ucuz-lg-k9-16gb-siyah-fiyatlari,72814367
Apple iPhone 7 32 GB 4.7 İnç 12 MP Akıllı Cep Telefonu Roze Altın, https://www.cimri.com/cep-telefonlari/en-ucuz-apple-iphone-7-32gb-roze-altin-fiyatlari,29358007
Tefal Masterblend Activflow Pro Gümüş Blender Seti, https://www.cimri.com/blenderler/en-ucuz-tefal-masterblend-activflow-pro-gumus-blender-seti-fiyatlari,70883501
Xiaomi Mijia Robot Vacuum Mop Pro Cleaner Beyaz Robot Süpürge, https://www.cimri.com/robot-supurgeler/en-ucuz-xiaomi-mijia-robot-vacuum-mop-pro-cleaner-beyaz-robot-supurge-fiyatlari,569515054
JBL T500BT Mavi Mikrofonlu Kulaküstü Kablosuz Kulaklık, https://www.cimri.com/bluetooth-kulaklik/en-ucuz-jbl-t500bt-mavi-mikrofonlu-kulakustu-kablosuz-kulaklik-fiyatlari,114528836
Xiaomi Mijia Robot Vacuum Mop Pro Cleaner Siyah Robot Süpürge, https://www.cimri.com/robot-supurgeler/en-ucuz-xiaomi-mijia-robot-vacuum-mop-pro-cleaner-siyah-robot-supurge-fiyatlari,569400335
Apple Watch Series 4 40 mm, https://www.cimri.com/akilli-saat/en-ucuz-apple-watch-series-4-40-mm-fiyatlari,a103873272
Xiaomi Redmi Note 8 Pro 64GB 6GB Ram 6.53 inç 64MP Akıllı Cep Telefonu Siyah, https://www.cimri.com/cep-telefonlari/en-ucuz-xiaomi-redmi-note-8-pro-64gb-6gb-ram-6-53-inc-64mp-akilli-cep-telefonu-siyah-fiyatlari,330910351
Samsung Galaxy M31 128GB 6GB Ram 6.4 inç 64MP Akıllı Cep Telefonu, https://www.cimri.com/cep-telefonlari/en-ucuz-samsung-galaxy-m31-128gb-6gb-ram-6-4-inc-64mp-akilli-cep-telefonu-fiyatlari,a477288479
Apple iPhone 11 64GB 4GB Ram 6.1 inç 12MP Akıllı Cep Telefonu Siyah, https://www.cimri.com/cep-telefonlari/en-ucuz-apple-iphone-11-64gb-4gb-ram-6-1-inc-12mp-akilli-cep-telefonu-siyah-fiyatlari,337340793
Apple Watch Series 4 44 mm Nabız Ölçer GPS Bluetooth 5.0 Akıllı Saat Beyaz, https://www.cimri.com/akilli-saat/en-ucuz-apple-watch-series-4-44-mm-fiyatlari,a103873278
Samsung UE40T5300 LED TV, https://www.cimri.com/televizyonlar/en-ucuz-samsung-ue40t5300-led-tv-fiyatlari,559450402
Huawei Y7 2019 32GB 6.26 inç Çift Hatlı 13MP Akıllı Cep Telefonu Siyah, https://www.cimri.com/cep-telefonlari/en-ucuz-huawei-y7-2019-32gb-6-26-inc-cift-hatli-13mp-akilli-cep-telefonu-siyah-fiyatlari,163486875
Arçelik Telve TKM 9961 B 1200 Watt 1500 ml 6 Fincan Kapasiteli Türk Kahvesi Makinesi, https://www.cimri.com/kahve-makineleri/en-ucuz-arcelik-tkm-9961-b-telve-1200w-1500-ml-6-fincan-kapasiteli-turk-kahvesi-makinesi-fiyatlari,244482649
Apple iPad Mini 5 64GB MUQY2TU-A 7.9 inç Wi-Fi Tablet Pc Altın, https://www.cimri.com/tablet-pc/en-ucuz-apple-ipad-mini-5-64gb-muqy2tu-a-7-9-inc-wi-fi-tablet-pc-altin-fiyatlari,252524124
General Mobile GM 20 Pro 128GB 6GB Ram 6.3 inç 108MP Akıllı Cep Telefonu Siyah, https://www.cimri.com/cep-telefonlari/en-ucuz-general-mobile-gm-20-pro-128gb-6gb-ram-6-3-inc-108mp-akilli-cep-telefonu-siyah-fiyatlari,618220806
Xiaomi Redmi Note 8 Pro 128GB 6GB Ram 6.53 inç 64MP Akıllı Cep Telefonu Siyah, https://www.cimri.com/cep-telefonlari/en-ucuz-xiaomi-redmi-note-8-pro-128gb-6gb-ram-6-53-inc-64mp-akilli-cep-telefonu-siyah-fiyatlari,330910959
Samsung Galaxy Tab A7 SM-T500 32GB 10.4 inç Wi-Fi Tablet Pc Gri, https://www.cimri.com/tablet-pc/en-ucuz-samsung-galaxy-tab-a7-sm-t500-32gb-10-4-inc-wi-fi-tablet-pc-gri-fiyatlari,654723517
Samsung Galaxy A71 128GB 8GB Ram 6.7 inç 64MP Akıllı Cep Telefonu Siyah, https://www.cimri.com/cep-telefonlari/en-ucuz-samsung-galaxy-a71-128gb-8gb-ram-6-7-inc-64mp-akilli-cep-telefonu-siyah-fiyatlari,450836940
Apple iPhone 11 128GB 4GB Ram 6.1 inç 12MP Akıllı Cep Telefonu Kırmızı, https://www.cimri.com/cep-telefonlari/en-ucuz-apple-iphone-11-128gb-4gb-ram-6-1-inc-12mp-akilli-cep-telefonu-kirmizi-fiyatlari,337326372
Philips XB9155/07 Marathon Ultimate 650 W Alerji H13 Filtreli Toz Torbasız Elektrikli Süpürge Mor, https://www.cimri.com/elektrikli-supurgeler/en-ucuz-philips-xb915507-marathon-ultimate-650-w-alerji-h13-filtreli-toz-torbasiz-elektrikli-supurge-mor-fiyatlari,376670905
İxtech Thinbook Intel Atom x5-Z8350 32GB HDD 2GB Ram 11.6 inç Laptop - Notebook, https://www.cimri.com/dizustu-bilgisayar/en-ucuz-ixtech-thinbook-intel-atom-x5-z8350-32gb-hdd-2gb-ram-11-6-inc-laptop-notebook-fiyatlari,520397644
Samsung Galaxy A51 128GB 6GB Ram 6.5 inç 48MP Akıllı Cep Telefonu, https://www.cimri.com/cep-telefonlari/en-ucuz-samsung-galaxy-a51-128gb-6gb-ram-6-5-inc-48mp-akilli-cep-telefonu-fiyatlari,a450843523
Apple iPhone 7 32 GB 4.7 İnç 12 MP Akıllı Cep Telefonu, https://www.cimri.com/cep-telefonlari/en-ucuz-apple-iphone-7-32gb-fiyatlari,a29358021
Samsung Galaxy M21 64GB 4GB Ram 6.4 inç 48MP Akıllı Cep Telefonu Siyah, https://www.cimri.com/cep-telefonlari/en-ucuz-samsung-galaxy-m21-64gb-4gb-ram-6-4-inc-48mp-akilli-cep-telefonu-siyah-fiyatlari,502556182
JBL T500BT Beyaz Mikrofonlu Kulaküstü Kablosuz Kulaklık, https://www.cimri.com/bluetooth-kulaklik/en-ucuz-jbl-t500bt-beyaz-mikrofonlu-kulakustu-kablosuz-kulaklik-fiyatlari,114528835
Samsung Galaxy M51 128GB 6GB Ram 6.7 inç 64MP Akıllı Cep Telefonu Siyah, https://www.cimri.com/cep-telefonlari/en-ucuz-samsung-galaxy-m51-128gb-6gb-ram-6-7-inc-64mp-akilli-cep-telefonu-siyah-fiyatlari,625153320
Apple iPhone SE 2020 64GB 4.7 inç 12MP Akıllı Cep Telefonu Beyaz, https://www.cimri.com/cep-telefonlari/en-ucuz-apple-iphone-se-2020-64gb-4-7-inc-12mp-akilli-cep-telefonu-beyaz-fiyatlari,375324845
Philips 58PUS8505 LED TV, https://www.cimri.com/televizyonlar/en-ucuz-philips-58pus8505-led-tv-fiyatlari,602462819
Apple iPhone SE 2020 64GB 4.7 inç 12MP Akıllı Cep Telefonu Kırmızı, https://www.cimri.com/cep-telefonlari/en-ucuz-apple-iphone-se-2020-64gb-4-7-inc-12mp-akilli-cep-telefonu-kirmizi-fiyatlari,375324814
Samsung Galaxy M51 128GB 6GB Ram 6.7 inç 64MP Akıllı Cep Telefonu, https://www.cimri.com/cep-telefonlari/en-ucuz-samsung-galaxy-m51-128gb-6gb-ram-6-7-inc-64mp-akilli-cep-telefonu-fiyatlari,a625153414
Xiaomi Mi 9T 64GB 6GB Ram 6.39 inç 48MP Akıllı Cep Telefonu Siyah, https://www.cimri.com/cep-telefonlari/en-ucuz-xiaomi-mi-9t-64gb-6gb-ram-6-39-inc-48mp-akilli-cep-telefonu-siyah-fiyatlari,276158004
Demirdöküm RF 6001 Dijital Kablosuz Oda Termostatı, https://www.cimri.com/termostat/en-ucuz-demirdokum-rf-6001-dijital-kablosuz-oda-termostati-fiyatlari,504470
Huawei P40 lite 128GB 6GB Ram 6.4 inç 48MP Akıllı Cep Telefonu Siyah, https://www.cimri.com/cep-telefonlari/en-ucuz-huawei-p40-lite-128gb-6gb-ram-6-4-inc-48mp-akilli-cep-telefonu-siyah-fiyatlari,502592783
Samsung Galaxy Note10+ Plus 256GB 12GB Ram 6.8 inç 12MP Akıllı Cep Telefonu, https://www.cimri.com/cep-telefonlari/en-ucuz-samsung-galaxy-note10-plus-256gb-12gb-ram-6-8-inc-12mp-akilli-cep-telefonu-fiyatlari,a310966328
Samsung UE-32T5300 32" HD Smart LED TV, https://www.cimri.com/televizyonlar/en-ucuz-samsung-ue-32t5300-32-hd-smart-led-tv-fiyatlari,592465888
Powertec TR-3200 Tıraş Makinesi, https://www.cimri.com/tiras-makineleri/en-ucuz-powertec-tr-3200-tiras-makinesi-fiyatlari,42310764
Oppo Reno2 Z 128GB 8GB Ram 6.53 inç 48MP Akıllı Cep Telefonu Beyaz, https://www.cimri.com/cep-telefonlari/en-ucuz-oppo-reno2-z-128gb-8gb-ram-6-53-inc-48mp-akilli-cep-telefonu-beyaz-fiyatlari,374400070
Apple iPad 8 32GB 10.2 inç Wi-Fi MYLA2TU-A Tablet Pc Gümüş, https://www.cimri.com/tablet-pc/en-ucuz-apple-ipad-8-32gb-10-2-inc-wi-fi-myla2tu-a-tablet-pc-gumus-fiyatlari,631730651
Samsung Galaxy A51 128GB 6GB Ram 6.5 inç 48MP Akıllı Cep Telefonu Pembe, https://www.cimri.com/cep-telefonlari/en-ucuz-samsung-galaxy-a51-128gb-6gb-ram-6-5-inc-48mp-akilli-cep-telefonu-pembe-fiyatlari,450843434
Huawei Watch GT2 Pro 46 mm Akıllı Saat Siyah, https://www.cimri.com/akilli-saat/en-ucuz-huawei-watch-gt2-pro-46-mm-akilli-saat-siyah-fiyatlari,646088651
Xiaomi RedmiBook 14 II Ryzen 5 4500U 16GB Ram 512GB SSD 14 inç Laptop, https://www.cimri.com/dizustu-bilgisayar/en-ucuz-xiaomi-redmibook-14-ii-ryzen-5-4500u-16gb-ram-512gb-ssd-14-inc-laptop-fiyatlari,650718577
Xiaomi Redmi 8 64GB 4GB Ram 6.22 inç 12MP Akıllı Cep Telefonu, https://www.cimri.com/cep-telefonlari/en-ucuz-xiaomi-redmi-8-64gb-4gb-ram-6-22-inc-12mp-akilli-cep-telefonu-fiyatlari,a368901216
Apple Watch Series 4 40 mm, https://www.cimri.com/akilli-saat/en-ucuz-apple-watch-series-4-40-mm-fiyatlari,a103873272
Xiaomi Redmi Note 8 Pro 64GB 6GB Ram 6.53 inç 64MP Akıllı Cep Telefonu Siyah, https://www.cimri.com/cep-telefonlari/en-ucuz-xiaomi-redmi-note-8-pro-64gb-6gb-ram-6-53-inc-64mp-akilli-cep-telefonu-siyah-fiyatlari,330910351
Samsung Galaxy M31 128GB 6GB Ram 6.4 inç 64MP Akıllı Cep Telefonu, https://www.cimri.com/cep-telefonlari/en-ucuz-samsung-galaxy-m31-128gb-6gb-ram-6-4-inc-64mp-akilli-cep-telefonu-fiyatlari,a477288479
Apple iPhone 11 64GB 4GB Ram 6.1 inç 12MP Akıllı Cep Telefonu Siyah, https://www.cimri.com/cep-telefonlari/en-ucuz-apple-iphone-11-64gb-4gb-ram-6-1-inc-12mp-akilli-cep-telefonu-siyah-fiyatlari,337340793
Apple Watch Series 4 44 mm Nabız Ölçer GPS Bluetooth 5.0 Akıllı Saat Beyaz, https://www.cimri.com/akilli-saat/en-ucuz-apple-watch-series-4-44-mm-fiyatlari,a103873278
